image,variant,CER,WER
0001_ImageFile_{0A108ED7-FC32-45D2-B140-57964FE238DE}16,full_none_psm1,0.1016949152542373,0.5
0001_ImageFile_{0A108ED7-FC32-45D2-B140-57964FE238DE}16,full_none_psm3,0.1016949152542373,0.5
0001_ImageFile_{0A108ED7-FC32-45D2-B140-57964FE238DE}16,full_none_psm6,1.8644067796610169,5.375
0001_ImageFile_{0A108ED7-FC32-45D2-B140-57964FE238DE}16,full_otsu_bin_psm1,0.3389830508474576,1.0
0001_ImageFile_{0A108ED7-FC32-45D2-B140-57964FE238DE}16,full_otsu_bin_psm3,0.3389830508474576,1.0
0001_ImageFile_{0A108ED7-FC32-45D2-B140-57964FE238DE}16,full_otsu_bin_psm6,5.8474576271186445,16.125
0001_ImageFile_text_1,crop_none_psm1,0.15254237288135594,0.5
0001_ImageFile_text_1,crop_none_psm3,0.15254237288135594,0.5
0001_ImageFile_text_1,crop_none_psm6,0.13559322033898305,0.5
0001_ImageFile_text_1,crop_otsu_bin_psm1,0.06779661016949153,0.5
0001_ImageFile_text_1,crop_otsu_bin_psm3,0.06779661016949153,0.5
0001_ImageFile_text_1,crop_otsu_bin_psm6,0.05084745762711865,0.5
0002_ImageFile_{0BCE22E5-A353-4208-AEC3-3C5295A55EA2}10,full_none_psm1,0.08620689655172414,0.6
0002_ImageFile_{0BCE22E5-A353-4208-AEC3-3C5295A55EA2}10,full_none_psm3,0.08620689655172414,0.6
0002_ImageFile_{0BCE22E5-A353-4208-AEC3-3C5295A55EA2}10,full_none_psm6,1.7758620689655173,4.0
0002_ImageFile_{0BCE22E5-A353-4208-AEC3-3C5295A55EA2}10,full_otsu_bin_psm1,0.3793103448275862,0.5
0002_ImageFile_{0BCE22E5-A353-4208-AEC3-3C5295A55EA2}10,full_otsu_bin_psm3,0.3793103448275862,0.5
0002_ImageFile_{0BCE22E5-A353-4208-AEC3-3C5295A55EA2}10,full_otsu_bin_psm6,12.586206896551724,23.1
0002_ImageFile_text_1,crop_none_psm1,0.10344827586206896,0.6
0002_ImageFile_text_1,crop_none_psm3,0.10344827586206896,0.6
0002_ImageFile_text_1,crop_none_psm6,0.15517241379310345,0.7
0002_ImageFile_text_1,crop_otsu_bin_psm1,0.1206896551724138,0.7
0002_ImageFile_text_1,crop_otsu_bin_psm3,0.1206896551724138,0.7
0002_ImageFile_text_1,crop_otsu_bin_psm6,0.10344827586206896,0.7
0003_ImageFile_{0C19E755-3B3B-4C8D-BC0E-02E03ADCBA1D}1,full_none_psm1,0.057692307692307696,0.36363636363636365
0003_ImageFile_{0C19E755-3B3B-4C8D-BC0E-02E03ADCBA1D}1,full_none_psm3,0.057692307692307696,0.36363636363636365
0003_ImageFile_{0C19E755-3B3B-4C8D-BC0E-02E03ADCBA1D}1,full_none_psm6,4.096153846153846,13.727272727272727
0003_ImageFile_{0C19E755-3B3B-4C8D-BC0E-02E03ADCBA1D}1,full_otsu_bin_psm1,0.9903846153846154,1.1818181818181819
0003_ImageFile_{0C19E755-3B3B-4C8D-BC0E-02E03ADCBA1D}1,full_otsu_bin_psm3,0.9230769230769231,1.3636363636363635
0003_ImageFile_{0C19E755-3B3B-4C8D-BC0E-02E03ADCBA1D}1,full_otsu_bin_psm6,15.173076923076923,44.0
0003_ImageFile_text_1,crop_none_psm1,0.0673076923076923,0.36363636363636365
0003_ImageFile_text_1,crop_none_psm3,0.0673076923076923,0.36363636363636365
0003_ImageFile_text_1,crop_none_psm6,0.08653846153846154,0.5454545454545454
0003_ImageFile_text_1,crop_otsu_bin_psm1,0.08653846153846154,0.36363636363636365
0003_ImageFile_text_1,crop_otsu_bin_psm3,0.08653846153846154,0.36363636363636365
0003_ImageFile_text_1,crop_otsu_bin_psm6,0.08653846153846154,0.36363636363636365
0004_ImageFile_{0C19E755-3B3B-4C8D-BC0E-02E03ADCBA1D}24,full_none_psm1,0.8172043010752689,0.9090909090909091
0004_ImageFile_{0C19E755-3B3B-4C8D-BC0E-02E03ADCBA1D}24,full_none_psm3,0.8172043010752689,0.9090909090909091
0004_ImageFile_{0C19E755-3B3B-4C8D-BC0E-02E03ADCBA1D}24,full_none_psm6,7.333333333333333,19.636363636363637
0004_ImageFile_{0C19E755-3B3B-4C8D-BC0E-02E03ADCBA1D}24,full_otsu_bin_psm1,0.2903225806451613,0.7272727272727273
0004_ImageFile_{0C19E755-3B3B-4C8D-BC0E-02E03ADCBA1D}24,full_otsu_bin_psm3,0.2903225806451613,0.7272727272727273
0004_ImageFile_{0C19E755-3B3B-4C8D-BC0E-02E03ADCBA1D}24,full_otsu_bin_psm6,21.27956989247312,53.18181818181818
0004_ImageFile_text_1,crop_none_psm1,0.03225806451612903,0.18181818181818182
0004_ImageFile_text_1,crop_none_psm3,0.03225806451612903,0.18181818181818182
0004_ImageFile_text_1,crop_none_psm6,0.03225806451612903,0.45454545454545453
0004_ImageFile_text_1,crop_otsu_bin_psm1,0.021505376344086023,0.18181818181818182
0004_ImageFile_text_1,crop_otsu_bin_psm3,0.021505376344086023,0.18181818181818182
0004_ImageFile_text_1,crop_otsu_bin_psm6,0.06451612903225806,0.45454545454545453
0005_ImageFile_{0ED568EF-E9F6-4D1A-8476-7EC13F97B062}16,full_none_psm1,0.36764705882352944,1.0
0005_ImageFile_{0ED568EF-E9F6-4D1A-8476-7EC13F97B062}16,full_none_psm3,0.36764705882352944,1.0
0005_ImageFile_{0ED568EF-E9F6-4D1A-8476-7EC13F97B062}16,full_none_psm6,3.6029411764705883,12.142857142857142
0005_ImageFile_{0ED568EF-E9F6-4D1A-8476-7EC13F97B062}16,full_otsu_bin_psm1,0.38235294117647056,1.2857142857142858
0005_ImageFile_{0ED568EF-E9F6-4D1A-8476-7EC13F97B062}16,full_otsu_bin_psm3,0.38235294117647056,1.2857142857142858
0005_ImageFile_{0ED568EF-E9F6-4D1A-8476-7EC13F97B062}16,full_otsu_bin_psm6,9.102941176470589,27.428571428571427
0005_ImageFile_text_1,crop_none_psm1,0.058823529411764705,0.42857142857142855
0005_ImageFile_text_1,crop_none_psm3,0.058823529411764705,0.42857142857142855
0005_ImageFile_text_1,crop_none_psm6,0.058823529411764705,0.42857142857142855
0005_ImageFile_text_1,crop_otsu_bin_psm1,0.07352941176470588,0.5714285714285714
0005_ImageFile_text_1,crop_otsu_bin_psm3,0.07352941176470588,0.5714285714285714
0005_ImageFile_text_1,crop_otsu_bin_psm6,0.07352941176470588,0.5714285714285714
0006_ImageFile_{0F3BA1D5-D334-47C6-B148-F3DDDABB36B1}5,full_none_psm1,0.19718309859154928,0.8181818181818182
0006_ImageFile_{0F3BA1D5-D334-47C6-B148-F3DDDABB36B1}5,full_none_psm3,0.19718309859154928,0.8181818181818182
0006_ImageFile_{0F3BA1D5-D334-47C6-B148-F3DDDABB36B1}5,full_none_psm6,7.859154929577465,17.454545454545453
0006_ImageFile_{0F3BA1D5-D334-47C6-B148-F3DDDABB36B1}5,full_otsu_bin_psm1,0.2112676056338028,0.8181818181818182
0006_ImageFile_{0F3BA1D5-D334-47C6-B148-F3DDDABB36B1}5,full_otsu_bin_psm3,0.2112676056338028,0.8181818181818182
0006_ImageFile_{0F3BA1D5-D334-47C6-B148-F3DDDABB36B1}5,full_otsu_bin_psm6,12.690140845070422,25.454545454545453
0006_ImageFile_text_1,crop_none_psm1,0.19718309859154928,0.6363636363636364
0006_ImageFile_text_1,crop_none_psm3,0.19718309859154928,0.6363636363636364
0006_ImageFile_text_1,crop_none_psm6,0.43661971830985913,0.9090909090909091
0006_ImageFile_text_1,crop_otsu_bin_psm1,0.19718309859154928,0.7272727272727273
0006_ImageFile_text_1,crop_otsu_bin_psm3,0.19718309859154928,0.7272727272727273
0006_ImageFile_text_1,crop_otsu_bin_psm6,0.18309859154929578,0.7272727272727273
0007_ImageFile_{0F3BA1D5-D334-47C6-B148-F3DDDABB36B1}17,full_none_psm1,0.16071428571428573,0.7
0007_ImageFile_{0F3BA1D5-D334-47C6-B148-F3DDDABB36B1}17,full_none_psm3,0.16071428571428573,0.7
0007_ImageFile_{0F3BA1D5-D334-47C6-B148-F3DDDABB36B1}17,full_none_psm6,3.0357142857142856,6.6
0007_ImageFile_{0F3BA1D5-D334-47C6-B148-F3DDDABB36B1}17,full_otsu_bin_psm1,0.21428571428571427,0.7
0007_ImageFile_{0F3BA1D5-D334-47C6-B148-F3DDDABB36B1}17,full_otsu_bin_psm3,0.21428571428571427,0.7
0007_ImageFile_{0F3BA1D5-D334-47C6-B148-F3DDDABB36B1}17,full_otsu_bin_psm6,4.696428571428571,8.7
0007_ImageFile_text_1,crop_none_psm1,0.10714285714285714,0.7
0007_ImageFile_text_1,crop_none_psm3,0.10714285714285714,0.7
0007_ImageFile_text_1,crop_none_psm6,0.07142857142857142,0.6
0007_ImageFile_text_1,crop_otsu_bin_psm1,0.125,0.7
0007_ImageFile_text_1,crop_otsu_bin_psm3,0.125,0.7
0007_ImageFile_text_1,crop_otsu_bin_psm6,0.10714285714285714,0.7
0008_ImageFile_{0F6741F9-F1C3-433A-B35E-2153C5DCC713}9,full_none_psm1,1.5625,3.142857142857143
0008_ImageFile_{0F6741F9-F1C3-433A-B35E-2153C5DCC713}9,full_none_psm3,1.5625,3.142857142857143
0008_ImageFile_{0F6741F9-F1C3-433A-B35E-2153C5DCC713}9,full_none_psm6,3.6339285714285716,10.142857142857142
0008_ImageFile_{0F6741F9-F1C3-433A-B35E-2153C5DCC713}9,full_otsu_bin_psm1,1.1071428571428572,3.0714285714285716
0008_ImageFile_{0F6741F9-F1C3-433A-B35E-2153C5DCC713}9,full_otsu_bin_psm3,1.1071428571428572,3.0714285714285716
0008_ImageFile_{0F6741F9-F1C3-433A-B35E-2153C5DCC713}9,full_otsu_bin_psm6,8.258928571428571,21.071428571428573
0008_ImageFile_text_1,crop_none_psm1,0.0625,0.7142857142857143
0008_ImageFile_text_1,crop_none_psm3,0.0625,0.7142857142857143
0008_ImageFile_text_1,crop_none_psm6,0.0625,0.7142857142857143
0008_ImageFile_text_1,crop_otsu_bin_psm1,0.0625,0.7142857142857143
0008_ImageFile_text_1,crop_otsu_bin_psm3,0.0625,0.7142857142857143
0008_ImageFile_text_1,crop_otsu_bin_psm6,0.0625,0.7142857142857143
0009_ImageFile_{3C58EEA2-78DF-41C1-B50E-9C7BB36A6144}7,full_none_psm1,0.6119402985074627,1.8888888888888888
0009_ImageFile_{3C58EEA2-78DF-41C1-B50E-9C7BB36A6144}7,full_none_psm3,0.6119402985074627,1.8888888888888888
0009_ImageFile_{3C58EEA2-78DF-41C1-B50E-9C7BB36A6144}7,full_none_psm6,5.388059701492537,13.666666666666666
0009_ImageFile_{3C58EEA2-78DF-41C1-B50E-9C7BB36A6144}7,full_otsu_bin_psm1,1.0597014925373134,1.7777777777777777
0009_ImageFile_{3C58EEA2-78DF-41C1-B50E-9C7BB36A6144}7,full_otsu_bin_psm3,1.0597014925373134,1.7777777777777777
0009_ImageFile_{3C58EEA2-78DF-41C1-B50E-9C7BB36A6144}7,full_otsu_bin_psm6,2.716417910447761,7.333333333333333
0009_ImageFile_text_1,crop_none_psm1,0.3283582089552239,0.7777777777777778
0009_ImageFile_text_1,crop_none_psm3,0.3283582089552239,0.7777777777777778
0009_ImageFile_text_1,crop_none_psm6,0.29850746268656714,1.1111111111111112
0009_ImageFile_text_1,crop_otsu_bin_psm1,0.13432835820895522,0.5555555555555556
0009_ImageFile_text_1,crop_otsu_bin_psm3,0.13432835820895522,0.5555555555555556
0009_ImageFile_text_1,crop_otsu_bin_psm6,0.14925373134328357,0.6666666666666666
0010_ImageFile_{4CA414B9-2107-4C4B-81EF-7014A6C343E6}1,full_none_psm1,0.25609756097560976,0.9166666666666666
0010_ImageFile_{4CA414B9-2107-4C4B-81EF-7014A6C343E6}1,full_none_psm3,0.25609756097560976,0.9166666666666666
0010_ImageFile_{4CA414B9-2107-4C4B-81EF-7014A6C343E6}1,full_none_psm6,6.426829268292683,14.916666666666666
0010_ImageFile_{4CA414B9-2107-4C4B-81EF-7014A6C343E6}1,full_otsu_bin_psm1,0.2073170731707317,0.8333333333333334
0010_ImageFile_{4CA414B9-2107-4C4B-81EF-7014A6C343E6}1,full_otsu_bin_psm3,0.2073170731707317,0.8333333333333334
0010_ImageFile_{4CA414B9-2107-4C4B-81EF-7014A6C343E6}1,full_otsu_bin_psm6,8.0,17.583333333333332
0010_ImageFile_text_1,crop_none_psm1,0.14634146341463414,0.8333333333333334
0010_ImageFile_text_1,crop_none_psm3,0.14634146341463414,0.8333333333333334
0010_ImageFile_text_1,crop_none_psm6,0.2804878048780488,0.9166666666666666
0010_ImageFile_text_1,crop_otsu_bin_psm1,0.14634146341463414,0.8333333333333334
0010_ImageFile_text_1,crop_otsu_bin_psm3,0.14634146341463414,0.8333333333333334
0010_ImageFile_text_1,crop_otsu_bin_psm6,0.14634146341463414,0.8333333333333334
0011_ImageFile_{5A594376-9C39-4CB4-B1B2-69154A1BD6EB}1,full_none_psm1,1.0,1.0
0011_ImageFile_{5A594376-9C39-4CB4-B1B2-69154A1BD6EB}1,full_none_psm3,1.0,1.0
0011_ImageFile_{5A594376-9C39-4CB4-B1B2-69154A1BD6EB}1,full_none_psm6,7.609756097560975,19.727272727272727
0011_ImageFile_{5A594376-9C39-4CB4-B1B2-69154A1BD6EB}1,full_otsu_bin_psm1,0.7560975609756098,0.8181818181818182
0011_ImageFile_{5A594376-9C39-4CB4-B1B2-69154A1BD6EB}1,full_otsu_bin_psm3,1.1341463414634145,2.727272727272727
0011_ImageFile_{5A594376-9C39-4CB4-B1B2-69154A1BD6EB}1,full_otsu_bin_psm6,7.7317073170731705,18.818181818181817
0011_ImageFile_text_1,crop_none_psm1,0.15853658536585366,0.8181818181818182
0011_ImageFile_text_1,crop_none_psm3,0.15853658536585366,0.8181818181818182
0011_ImageFile_text_1,crop_none_psm6,0.1951219512195122,0.9090909090909091
0011_ImageFile_text_1,crop_otsu_bin_psm1,0.08536585365853659,0.6363636363636364
0011_ImageFile_text_1,crop_otsu_bin_psm3,0.08536585365853659,0.6363636363636364
0011_ImageFile_text_1,crop_otsu_bin_psm6,0.08536585365853659,0.6363636363636364
0012_ImageFile_{5DBE7A6B-D646-4798-900F-425618CA7093}6,full_none_psm1,0.09090909090909091,0.8
0012_ImageFile_{5DBE7A6B-D646-4798-900F-425618CA7093}6,full_none_psm3,0.09090909090909091,0.8
0012_ImageFile_{5DBE7A6B-D646-4798-900F-425618CA7093}6,full_none_psm6,2.6704545454545454,8.6
0012_ImageFile_{5DBE7A6B-D646-4798-900F-425618CA7093}6,full_otsu_bin_psm1,0.11363636363636363,0.8
0012_ImageFile_{5DBE7A6B-D646-4798-900F-425618CA7093}6,full_otsu_bin_psm3,0.11363636363636363,0.8
0012_ImageFile_{5DBE7A6B-D646-4798-900F-425618CA7093}6,full_otsu_bin_psm6,8.875,25.8
0012_ImageFile_text_1,crop_none_psm1,0.06818181818181818,0.6
0012_ImageFile_text_1,crop_none_psm3,0.06818181818181818,0.6
0012_ImageFile_text_1,crop_none_psm6,0.06818181818181818,0.7
0012_ImageFile_text_1,crop_otsu_bin_psm1,0.07954545454545454,0.7
0012_ImageFile_text_1,crop_otsu_bin_psm3,0.07954545454545454,0.7
0012_ImageFile_text_1,crop_otsu_bin_psm6,0.09090909090909091,0.9
0013_ImageFile_{6A542B02-D73E-46A6-9493-D5F8DCE9CC7F}10,full_none_psm1,0.272,0.7692307692307693
0013_ImageFile_{6A542B02-D73E-46A6-9493-D5F8DCE9CC7F}10,full_none_psm3,0.272,0.7692307692307693
0013_ImageFile_{6A542B02-D73E-46A6-9493-D5F8DCE9CC7F}10,full_none_psm6,1.096,4.230769230769231
0013_ImageFile_{6A542B02-D73E-46A6-9493-D5F8DCE9CC7F}10,full_otsu_bin_psm1,0.272,0.8461538461538461
0013_ImageFile_{6A542B02-D73E-46A6-9493-D5F8DCE9CC7F}10,full_otsu_bin_psm3,0.272,0.8461538461538461
0013_ImageFile_{6A542B02-D73E-46A6-9493-D5F8DCE9CC7F}10,full_otsu_bin_psm6,2.088,7.923076923076923
0013_ImageFile_text_merged,crop_none_psm1,0.112,0.7692307692307693
0013_ImageFile_text_merged,crop_none_psm3,0.112,0.7692307692307693
0013_ImageFile_text_merged,crop_none_psm6,0.104,0.7692307692307693
0013_ImageFile_text_merged,crop_otsu_bin_psm1,0.088,0.7692307692307693
0013_ImageFile_text_merged,crop_otsu_bin_psm3,0.088,0.7692307692307693
0013_ImageFile_text_merged,crop_otsu_bin_psm6,0.072,0.7692307692307693
0014_ImageFile_{7BC25CE2-0578-43ED-AC7C-FD1769B4CB53}9,full_none_psm1,2.5714285714285716,6.7272727272727275
0014_ImageFile_{7BC25CE2-0578-43ED-AC7C-FD1769B4CB53}9,full_none_psm3,2.5714285714285716,6.7272727272727275
0014_ImageFile_{7BC25CE2-0578-43ED-AC7C-FD1769B4CB53}9,full_none_psm6,7.357142857142857,16.545454545454547
0014_ImageFile_{7BC25CE2-0578-43ED-AC7C-FD1769B4CB53}9,full_otsu_bin_psm1,0.22857142857142856,0.8181818181818182
0014_ImageFile_{7BC25CE2-0578-43ED-AC7C-FD1769B4CB53}9,full_otsu_bin_psm3,0.22857142857142856,0.8181818181818182
0014_ImageFile_{7BC25CE2-0578-43ED-AC7C-FD1769B4CB53}9,full_otsu_bin_psm6,6.185714285714286,14.818181818181818
0014_ImageFile_text_1,crop_none_psm1,0.15714285714285714,0.7272727272727273
0014_ImageFile_text_1,crop_none_psm3,0.15714285714285714,0.7272727272727273
0014_ImageFile_text_1,crop_none_psm6,0.17142857142857143,0.8181818181818182
0014_ImageFile_text_1,crop_otsu_bin_psm1,0.15714285714285714,0.7272727272727273
0014_ImageFile_text_1,crop_otsu_bin_psm3,0.15714285714285714,0.7272727272727273
0014_ImageFile_text_1,crop_otsu_bin_psm6,0.14285714285714285,0.7272727272727273
0015_ImageFile_{7BC25CE2-0578-43ED-AC7C-FD1769B4CB53}15,full_none_psm1,0.35135135135135137,0.9
0015_ImageFile_{7BC25CE2-0578-43ED-AC7C-FD1769B4CB53}15,full_none_psm3,0.35135135135135137,0.9
0015_ImageFile_{7BC25CE2-0578-43ED-AC7C-FD1769B4CB53}15,full_none_psm6,1.3513513513513513,4.0
0015_ImageFile_{7BC25CE2-0578-43ED-AC7C-FD1769B4CB53}15,full_otsu_bin_psm1,0.3108108108108108,1.0
0015_ImageFile_{7BC25CE2-0578-43ED-AC7C-FD1769B4CB53}15,full_otsu_bin_psm3,0.3108108108108108,1.0
0015_ImageFile_{7BC25CE2-0578-43ED-AC7C-FD1769B4CB53}15,full_otsu_bin_psm6,7.6891891891891895,18.9
0015_ImageFile_text_1,crop_none_psm1,0.21621621621621623,0.7
0015_ImageFile_text_1,crop_none_psm3,0.21621621621621623,0.7
0015_ImageFile_text_1,crop_none_psm6,0.22972972972972974,0.7
0015_ImageFile_text_1,crop_otsu_bin_psm1,0.17567567567567569,0.7
0015_ImageFile_text_1,crop_otsu_bin_psm3,0.17567567567567569,0.7
0015_ImageFile_text_1,crop_otsu_bin_psm6,0.16216216216216217,0.7
0016_ImageFile_{7BC25CE2-0578-43ED-AC7C-FD1769B4CB53}22,full_none_psm1,0.5747126436781609,1.2
0016_ImageFile_{7BC25CE2-0578-43ED-AC7C-FD1769B4CB53}22,full_none_psm3,0.5747126436781609,1.2
0016_ImageFile_{7BC25CE2-0578-43ED-AC7C-FD1769B4CB53}22,full_none_psm6,1.2413793103448276,2.466666666666667
0016_ImageFile_{7BC25CE2-0578-43ED-AC7C-FD1769B4CB53}22,full_otsu_bin_psm1,0.11494252873563218,0.4666666666666667
0016_ImageFile_{7BC25CE2-0578-43ED-AC7C-FD1769B4CB53}22,full_otsu_bin_psm3,0.11494252873563218,0.4666666666666667
0016_ImageFile_{7BC25CE2-0578-43ED-AC7C-FD1769B4CB53}22,full_otsu_bin_psm6,3.0919540229885056,6.133333333333334
0016_ImageFile_text_1,crop_none_psm1,0.08045977011494253,0.4
0016_ImageFile_text_1,crop_none_psm3,0.08045977011494253,0.4
0016_ImageFile_text_1,crop_none_psm6,0.06896551724137931,0.4
0016_ImageFile_text_1,crop_otsu_bin_psm1,0.09195402298850575,0.4
0016_ImageFile_text_1,crop_otsu_bin_psm3,0.09195402298850575,0.4
0016_ImageFile_text_1,crop_otsu_bin_psm6,0.09195402298850575,0.4
0017_ImageFile_{8F461A02-3925-4FC3-BB3F-DE358F659ED5}6,full_none_psm1,0.11392405063291139,0.6363636363636364
0017_ImageFile_{8F461A02-3925-4FC3-BB3F-DE358F659ED5}6,full_none_psm3,0.11392405063291139,0.6363636363636364
0017_ImageFile_{8F461A02-3925-4FC3-BB3F-DE358F659ED5}6,full_none_psm6,2.037974683544304,5.7272727272727275
0017_ImageFile_{8F461A02-3925-4FC3-BB3F-DE358F659ED5}6,full_otsu_bin_psm1,0.20253164556962025,0.5454545454545454
0017_ImageFile_{8F461A02-3925-4FC3-BB3F-DE358F659ED5}6,full_otsu_bin_psm3,0.20253164556962025,0.5454545454545454
0017_ImageFile_{8F461A02-3925-4FC3-BB3F-DE358F659ED5}6,full_otsu_bin_psm6,3.9240506329113924,9.909090909090908
0017_ImageFile_text_1,crop_none_psm1,0.06329113924050633,0.45454545454545453
0017_ImageFile_text_1,crop_none_psm3,0.06329113924050633,0.45454545454545453
0017_ImageFile_text_1,crop_none_psm6,0.06329113924050633,0.45454545454545453
0017_ImageFile_text_1,crop_otsu_bin_psm1,0.06329113924050633,0.6363636363636364
0017_ImageFile_text_1,crop_otsu_bin_psm3,0.06329113924050633,0.6363636363636364
0017_ImageFile_text_1,crop_otsu_bin_psm6,0.06329113924050633,0.6363636363636364
0018_ImageFile_{8F461A02-3925-4FC3-BB3F-DE358F659ED5}7,full_none_psm1,0.1111111111111111,0.6666666666666666
0018_ImageFile_{8F461A02-3925-4FC3-BB3F-DE358F659ED5}7,full_none_psm3,0.1111111111111111,0.6666666666666666
0018_ImageFile_{8F461A02-3925-4FC3-BB3F-DE358F659ED5}7,full_none_psm6,3.4691358024691357,8.75
0018_ImageFile_{8F461A02-3925-4FC3-BB3F-DE358F659ED5}7,full_otsu_bin_psm1,0.12345679012345678,0.5833333333333334
0018_ImageFile_{8F461A02-3925-4FC3-BB3F-DE358F659ED5}7,full_otsu_bin_psm3,0.12345679012345678,0.5833333333333334
0018_ImageFile_{8F461A02-3925-4FC3-BB3F-DE358F659ED5}7,full_otsu_bin_psm6,10.308641975308642,22.5
0018_ImageFile_text_1,crop_none_psm1,0.09876543209876543,0.5833333333333334
0018_ImageFile_text_1,crop_none_psm3,0.09876543209876543,0.5833333333333334
0018_ImageFile_text_1,crop_none_psm6,0.08641975308641975,0.5833333333333334
0018_ImageFile_text_1,crop_otsu_bin_psm1,0.09876543209876543,0.5833333333333334
0018_ImageFile_text_1,crop_otsu_bin_psm3,0.09876543209876543,0.5833333333333334
0018_ImageFile_text_1,crop_otsu_bin_psm6,0.08641975308641975,0.5833333333333334
0019_ImageFile_{10C1F899-70CB-4B90-BEEB-E2EB1E96ED68}9,full_none_psm1,1.1235955056179776,1.2
0019_ImageFile_{10C1F899-70CB-4B90-BEEB-E2EB1E96ED68}9,full_none_psm3,0.5393258426966292,1.3
0019_ImageFile_{10C1F899-70CB-4B90-BEEB-E2EB1E96ED68}9,full_none_psm6,9.258426966292134,26.5
0019_ImageFile_{10C1F899-70CB-4B90-BEEB-E2EB1E96ED68}9,full_otsu_bin_psm1,0.5617977528089888,1.5
0019_ImageFile_{10C1F899-70CB-4B90-BEEB-E2EB1E96ED68}9,full_otsu_bin_psm3,0.5617977528089888,1.5
0019_ImageFile_{10C1F899-70CB-4B90-BEEB-E2EB1E96ED68}9,full_otsu_bin_psm6,14.606741573033707,38.2
0019_ImageFile_text_1,crop_none_psm1,0.29213483146067415,0.9
0019_ImageFile_text_1,crop_none_psm3,0.29213483146067415,0.9
0019_ImageFile_text_1,crop_none_psm6,0.2696629213483146,0.7
0019_ImageFile_text_1,crop_otsu_bin_psm1,0.2247191011235955,0.7
0019_ImageFile_text_1,crop_otsu_bin_psm3,0.2247191011235955,0.7
0019_ImageFile_text_1,crop_otsu_bin_psm6,0.2696629213483146,0.8
0020_ImageFile_{14ACCAD9-604A-4A25-A183-219FE7F5817D}18,full_none_psm1,0.05952380952380952,0.5714285714285714
0020_ImageFile_{14ACCAD9-604A-4A25-A183-219FE7F5817D}18,full_none_psm3,0.05952380952380952,0.5714285714285714
0020_ImageFile_{14ACCAD9-604A-4A25-A183-219FE7F5817D}18,full_none_psm6,2.8095238095238093,12.0
0020_ImageFile_{14ACCAD9-604A-4A25-A183-219FE7F5817D}18,full_otsu_bin_psm1,0.09523809523809523,0.7142857142857143
0020_ImageFile_{14ACCAD9-604A-4A25-A183-219FE7F5817D}18,full_otsu_bin_psm3,0.09523809523809523,0.7142857142857143
0020_ImageFile_{14ACCAD9-604A-4A25-A183-219FE7F5817D}18,full_otsu_bin_psm6,3.9642857142857144,17.714285714285715
0020_ImageFile_text_1,crop_none_psm1,0.07142857142857142,0.7142857142857143
0020_ImageFile_text_1,crop_none_psm3,0.07142857142857142,0.7142857142857143
0020_ImageFile_text_1,crop_none_psm6,0.09523809523809523,0.8571428571428571
0020_ImageFile_text_1,crop_otsu_bin_psm1,0.07142857142857142,0.7142857142857143
0020_ImageFile_text_1,crop_otsu_bin_psm3,0.07142857142857142,0.7142857142857143
0020_ImageFile_text_1,crop_otsu_bin_psm6,0.07142857142857142,0.7142857142857143
0021_ImageFile_{14ACCAD9-604A-4A25-A183-219FE7F5817D}19,full_none_psm1,0.14457831325301204,0.8888888888888888
0021_ImageFile_{14ACCAD9-604A-4A25-A183-219FE7F5817D}19,full_none_psm3,0.14457831325301204,0.8888888888888888
0021_ImageFile_{14ACCAD9-604A-4A25-A183-219FE7F5817D}19,full_none_psm6,1.6265060240963856,5.333333333333333
0021_ImageFile_{14ACCAD9-604A-4A25-A183-219FE7F5817D}19,full_otsu_bin_psm1,0.18072289156626506,0.7777777777777778
0021_ImageFile_{14ACCAD9-604A-4A25-A183-219FE7F5817D}19,full_otsu_bin_psm3,0.18072289156626506,0.7777777777777778
0021_ImageFile_{14ACCAD9-604A-4A25-A183-219FE7F5817D}19,full_otsu_bin_psm6,5.650602409638554,18.88888888888889
0021_ImageFile_text_1,crop_none_psm1,0.0963855421686747,0.8888888888888888
0021_ImageFile_text_1,crop_none_psm3,0.0963855421686747,0.8888888888888888
0021_ImageFile_text_1,crop_none_psm6,0.0963855421686747,0.8888888888888888
0021_ImageFile_text_1,crop_otsu_bin_psm1,0.12048192771084337,0.7777777777777778
0021_ImageFile_text_1,crop_otsu_bin_psm3,0.12048192771084337,0.7777777777777778
0021_ImageFile_text_1,crop_otsu_bin_psm6,0.12048192771084337,0.7777777777777778
0022_ImageFile_{23F95D01-1BCB-4B44-9472-A43537DE350B}2,full_none_psm1,0.23333333333333334,0.7647058823529411
0022_ImageFile_{23F95D01-1BCB-4B44-9472-A43537DE350B}2,full_none_psm3,0.23333333333333334,0.7647058823529411
0022_ImageFile_{23F95D01-1BCB-4B44-9472-A43537DE350B}2,full_none_psm6,2.422222222222222,4.411764705882353
0022_ImageFile_{23F95D01-1BCB-4B44-9472-A43537DE350B}2,full_otsu_bin_psm1,0.37777777777777777,0.7647058823529411
0022_ImageFile_{23F95D01-1BCB-4B44-9472-A43537DE350B}2,full_otsu_bin_psm3,0.37777777777777777,0.7647058823529411
0022_ImageFile_{23F95D01-1BCB-4B44-9472-A43537DE350B}2,full_otsu_bin_psm6,7.177777777777778,11.294117647058824
0022_ImageFile_text_1,crop_none_psm1,0.18888888888888888,0.8235294117647058
0022_ImageFile_text_1,crop_none_psm3,0.18888888888888888,0.8235294117647058
0022_ImageFile_text_1,crop_none_psm6,0.2111111111111111,0.8235294117647058
0022_ImageFile_text_1,crop_otsu_bin_psm1,0.17777777777777778,0.7647058823529411
0022_ImageFile_text_1,crop_otsu_bin_psm3,0.17777777777777778,0.7647058823529411
0022_ImageFile_text_1,crop_otsu_bin_psm6,0.2,0.7647058823529411
0023_ImageFile_{37EC9D6D-28BF-4C21-A49B-2D971EDDDBA0}1,full_none_psm1,0.22764227642276422,1.0769230769230769
0023_ImageFile_{37EC9D6D-28BF-4C21-A49B-2D971EDDDBA0}1,full_none_psm3,0.22764227642276422,1.0769230769230769
0023_ImageFile_{37EC9D6D-28BF-4C21-A49B-2D971EDDDBA0}1,full_none_psm6,6.463414634146342,22.307692307692307
0023_ImageFile_{37EC9D6D-28BF-4C21-A49B-2D971EDDDBA0}1,full_otsu_bin_psm1,0.45528455284552843,1.1538461538461537
0023_ImageFile_{37EC9D6D-28BF-4C21-A49B-2D971EDDDBA0}1,full_otsu_bin_psm3,0.45528455284552843,1.1538461538461537
0023_ImageFile_{37EC9D6D-28BF-4C21-A49B-2D971EDDDBA0}1,full_otsu_bin_psm6,8.252032520325203,25.692307692307693
0023_ImageFile_text_1,crop_none_psm1,0.2601626016260163,0.9230769230769231
0023_ImageFile_text_1,crop_none_psm3,0.2601626016260163,0.9230769230769231
0023_ImageFile_text_1,crop_none_psm6,0.12195121951219512,0.6923076923076923
0023_ImageFile_text_1,crop_otsu_bin_psm1,0.17886178861788618,0.8461538461538461
0023_ImageFile_text_1,crop_otsu_bin_psm3,0.17886178861788618,0.8461538461538461
0023_ImageFile_text_1,crop_otsu_bin_psm6,0.15447154471544716,0.8461538461538461
0024_ImageFile_{55A7DE5C-B366-4073-B27F-17A1278D5013}1,full_none_psm1,0.2222222222222222,0.9230769230769231
0024_ImageFile_{55A7DE5C-B366-4073-B27F-17A1278D5013}1,full_none_psm3,0.2222222222222222,0.9230769230769231
0024_ImageFile_{55A7DE5C-B366-4073-B27F-17A1278D5013}1,full_none_psm6,2.685185185185185,7.923076923076923
0024_ImageFile_{55A7DE5C-B366-4073-B27F-17A1278D5013}1,full_otsu_bin_psm1,0.1574074074074074,0.6923076923076923
0024_ImageFile_{55A7DE5C-B366-4073-B27F-17A1278D5013}1,full_otsu_bin_psm3,0.1574074074074074,0.6923076923076923
0024_ImageFile_{55A7DE5C-B366-4073-B27F-17A1278D5013}1,full_otsu_bin_psm6,5.648148148148148,16.153846153846153
0024_ImageFile_text_1,crop_none_psm1,0.09259259259259259,0.6153846153846154
0024_ImageFile_text_1,crop_none_psm3,0.09259259259259259,0.6153846153846154
0024_ImageFile_text_1,crop_none_psm6,0.07407407407407407,0.6153846153846154
0024_ImageFile_text_1,crop_otsu_bin_psm1,0.08333333333333333,0.6153846153846154
0024_ImageFile_text_1,crop_otsu_bin_psm3,0.08333333333333333,0.6153846153846154
0024_ImageFile_text_1,crop_otsu_bin_psm6,0.07407407407407407,0.6153846153846154
0025_ImageFile_{55A7DE5C-B366-4073-B27F-17A1278D5013}6,full_none_psm1,0.08653846153846154,0.5833333333333334
0025_ImageFile_{55A7DE5C-B366-4073-B27F-17A1278D5013}6,full_none_psm3,0.08653846153846154,0.5833333333333334
0025_ImageFile_{55A7DE5C-B366-4073-B27F-17A1278D5013}6,full_none_psm6,5.423076923076923,15.416666666666666
0025_ImageFile_{55A7DE5C-B366-4073-B27F-17A1278D5013}6,full_otsu_bin_psm1,0.21153846153846154,0.8333333333333334
0025_ImageFile_{55A7DE5C-B366-4073-B27F-17A1278D5013}6,full_otsu_bin_psm3,0.21153846153846154,0.8333333333333334
0025_ImageFile_{55A7DE5C-B366-4073-B27F-17A1278D5013}6,full_otsu_bin_psm6,15.384615384615385,42.75
0025_ImageFile_text_1,crop_none_psm1,0.08653846153846154,0.5833333333333334
0025_ImageFile_text_1,crop_none_psm3,0.08653846153846154,0.5833333333333334
0025_ImageFile_text_1,crop_none_psm6,0.10576923076923077,0.6666666666666666
0025_ImageFile_text_1,crop_otsu_bin_psm1,0.0673076923076923,0.5
0025_ImageFile_text_1,crop_otsu_bin_psm3,0.0673076923076923,0.5
0025_ImageFile_text_1,crop_otsu_bin_psm6,0.04807692307692308,0.5
0026_ImageFile_{55A7DE5C-B366-4073-B27F-17A1278D5013}15,full_none_psm1,0.09782608695652174,0.75
0026_ImageFile_{55A7DE5C-B366-4073-B27F-17A1278D5013}15,full_none_psm3,0.09782608695652174,0.75
0026_ImageFile_{55A7DE5C-B366-4073-B27F-17A1278D5013}15,full_none_psm6,1.3804347826086956,5.375
0026_ImageFile_{55A7DE5C-B366-4073-B27F-17A1278D5013}15,full_otsu_bin_psm1,0.20652173913043478,1.125
0026_ImageFile_{55A7DE5C-B366-4073-B27F-17A1278D5013}15,full_otsu_bin_psm3,0.20652173913043478,1.125
0026_ImageFile_{55A7DE5C-B366-4073-B27F-17A1278D5013}15,full_otsu_bin_psm6,7.032608695652174,28.5
0026_ImageFile_text_1,crop_none_psm1,0.05434782608695652,0.625
0026_ImageFile_text_1,crop_none_psm3,0.05434782608695652,0.625
0026_ImageFile_text_1,crop_none_psm6,0.043478260869565216,0.625
0026_ImageFile_text_1,crop_otsu_bin_psm1,0.06521739130434782,0.625
0026_ImageFile_text_1,crop_otsu_bin_psm3,0.06521739130434782,0.625
0026_ImageFile_text_1,crop_otsu_bin_psm6,0.06521739130434782,0.625
0027_ImageFile_{55A7DE5C-B366-4073-B27F-17A1278D5013}16,full_none_psm1,0.1791044776119403,0.6666666666666666
0027_ImageFile_{55A7DE5C-B366-4073-B27F-17A1278D5013}16,full_none_psm3,0.1791044776119403,0.6666666666666666
0027_ImageFile_{55A7DE5C-B366-4073-B27F-17A1278D5013}16,full_none_psm6,3.8656716417910446,16.166666666666668
0027_ImageFile_{55A7DE5C-B366-4073-B27F-17A1278D5013}16,full_otsu_bin_psm1,0.6119402985074627,2.1666666666666665
0027_ImageFile_{55A7DE5C-B366-4073-B27F-17A1278D5013}16,full_otsu_bin_psm3,0.6119402985074627,2.1666666666666665
0027_ImageFile_{55A7DE5C-B366-4073-B27F-17A1278D5013}16,full_otsu_bin_psm6,13.164179104477611,44.666666666666664
0027_ImageFile_text_1,crop_none_psm1,0.05970149253731343,0.5
0027_ImageFile_text_1,crop_none_psm3,0.05970149253731343,0.5
0027_ImageFile_text_1,crop_none_psm6,0.04477611940298507,0.5
0027_ImageFile_text_1,crop_otsu_bin_psm1,0.05970149253731343,0.6666666666666666
0027_ImageFile_text_1,crop_otsu_bin_psm3,0.05970149253731343,0.6666666666666666
0027_ImageFile_text_1,crop_otsu_bin_psm6,0.05970149253731343,0.6666666666666666
0028_ImageFile_{64E2BC4A-B550-4010-9E01-8205C5CA43BB}15,full_none_psm1,0.2708333333333333,0.75
0028_ImageFile_{64E2BC4A-B550-4010-9E01-8205C5CA43BB}15,full_none_psm3,0.2708333333333333,0.75
0028_ImageFile_{64E2BC4A-B550-4010-9E01-8205C5CA43BB}15,full_none_psm6,1.2708333333333333,3.75
0028_ImageFile_{64E2BC4A-B550-4010-9E01-8205C5CA43BB}15,full_otsu_bin_psm1,0.3229166666666667,0.8333333333333334
0028_ImageFile_{64E2BC4A-B550-4010-9E01-8205C5CA43BB}15,full_otsu_bin_psm3,0.3229166666666667,0.8333333333333334
0028_ImageFile_{64E2BC4A-B550-4010-9E01-8205C5CA43BB}15,full_otsu_bin_psm6,1.7916666666666667,5.5
0028_ImageFile_text_1,crop_none_psm1,0.125,0.5833333333333334
0028_ImageFile_text_1,crop_none_psm3,0.125,0.5833333333333334
0028_ImageFile_text_1,crop_none_psm6,0.20833333333333334,0.75
0028_ImageFile_text_1,crop_otsu_bin_psm1,0.07291666666666667,0.4166666666666667
0028_ImageFile_text_1,crop_otsu_bin_psm3,0.07291666666666667,0.4166666666666667
0028_ImageFile_text_1,crop_otsu_bin_psm6,0.0625,0.4166666666666667
0029_ImageFile_{85AC5CD8-268B-4309-A593-144C89D7FA63}17,full_none_psm1,0.7446808510638298,1.0
0029_ImageFile_{85AC5CD8-268B-4309-A593-144C89D7FA63}17,full_none_psm3,0.7446808510638298,1.0
0029_ImageFile_{85AC5CD8-268B-4309-A593-144C89D7FA63}17,full_none_psm6,6.382978723404255,16.153846153846153
0029_ImageFile_{85AC5CD8-268B-4309-A593-144C89D7FA63}17,full_otsu_bin_psm1,0.20212765957446807,0.9230769230769231
0029_ImageFile_{85AC5CD8-268B-4309-A593-144C89D7FA63}17,full_otsu_bin_psm3,0.20212765957446807,0.9230769230769231
0029_ImageFile_{85AC5CD8-268B-4309-A593-144C89D7FA63}17,full_otsu_bin_psm6,11.287234042553191,26.153846153846153
0029_ImageFile_text_1,crop_none_psm1,0.1595744680851064,0.8461538461538461
0029_ImageFile_text_1,crop_none_psm3,0.1595744680851064,0.8461538461538461
0029_ImageFile_text_1,crop_none_psm6,0.13829787234042554,0.7692307692307693
0029_ImageFile_text_1,crop_otsu_bin_psm1,0.11702127659574468,0.6923076923076923
0029_ImageFile_text_1,crop_otsu_bin_psm3,0.11702127659574468,0.6923076923076923
0029_ImageFile_text_1,crop_otsu_bin_psm6,0.11702127659574468,0.6923076923076923
0030_ImageFile_{280AB8CF-4766-4E21-850C-E8D49A85B9EC}12,full_none_psm1,0.22340425531914893,0.5
0030_ImageFile_{280AB8CF-4766-4E21-850C-E8D49A85B9EC}12,full_none_psm3,0.22340425531914893,0.5
0030_ImageFile_{280AB8CF-4766-4E21-850C-E8D49A85B9EC}12,full_none_psm6,3.1914893617021276,8.416666666666666
0030_ImageFile_{280AB8CF-4766-4E21-850C-E8D49A85B9EC}12,full_otsu_bin_psm1,0.2872340425531915,0.5833333333333334
0030_ImageFile_{280AB8CF-4766-4E21-850C-E8D49A85B9EC}12,full_otsu_bin_psm3,0.2872340425531915,0.5833333333333334
0030_ImageFile_{280AB8CF-4766-4E21-850C-E8D49A85B9EC}12,full_otsu_bin_psm6,8.180851063829786,19.666666666666668
0030_ImageFile_text_1,crop_none_psm1,0.05319148936170213,0.4166666666666667
0030_ImageFile_text_1,crop_none_psm3,0.05319148936170213,0.4166666666666667
0030_ImageFile_text_1,crop_none_psm6,0.06382978723404255,0.4166666666666667
0030_ImageFile_text_1,crop_otsu_bin_psm1,0.05319148936170213,0.4166666666666667
0030_ImageFile_text_1,crop_otsu_bin_psm3,0.05319148936170213,0.4166666666666667
0030_ImageFile_text_1,crop_otsu_bin_psm6,0.06382978723404255,0.4166666666666667
0031_ImageFile_{280AB8CF-4766-4E21-850C-E8D49A85B9EC}14,full_none_psm1,0.2087912087912088,0.8
0031_ImageFile_{280AB8CF-4766-4E21-850C-E8D49A85B9EC}14,full_none_psm3,0.2087912087912088,0.8
0031_ImageFile_{280AB8CF-4766-4E21-850C-E8D49A85B9EC}14,full_none_psm6,4.1208791208791204,13.3
0031_ImageFile_{280AB8CF-4766-4E21-850C-E8D49A85B9EC}14,full_otsu_bin_psm1,0.17582417582417584,1.2
0031_ImageFile_{280AB8CF-4766-4E21-850C-E8D49A85B9EC}14,full_otsu_bin_psm3,0.17582417582417584,1.2
0031_ImageFile_{280AB8CF-4766-4E21-850C-E8D49A85B9EC}14,full_otsu_bin_psm6,5.43956043956044,17.4
0031_ImageFile_text_1,crop_none_psm1,0.10989010989010989,0.9
0031_ImageFile_text_1,crop_none_psm3,0.10989010989010989,0.9
0031_ImageFile_text_1,crop_none_psm6,0.10989010989010989,0.9
0031_ImageFile_text_1,crop_otsu_bin_psm1,0.10989010989010989,0.8
0031_ImageFile_text_1,crop_otsu_bin_psm3,0.10989010989010989,0.8
0031_ImageFile_text_1,crop_otsu_bin_psm6,0.0989010989010989,0.8
0032_ImageFile_{280AB8CF-4766-4E21-850C-E8D49A85B9EC}21,full_none_psm1,0.14893617021276595,0.9166666666666666
0032_ImageFile_{280AB8CF-4766-4E21-850C-E8D49A85B9EC}21,full_none_psm3,0.14893617021276595,0.9166666666666666
0032_ImageFile_{280AB8CF-4766-4E21-850C-E8D49A85B9EC}21,full_none_psm6,4.648936170212766,12.75
0032_ImageFile_{280AB8CF-4766-4E21-850C-E8D49A85B9EC}21,full_otsu_bin_psm1,0.11702127659574468,0.8333333333333334
0032_ImageFile_{280AB8CF-4766-4E21-850C-E8D49A85B9EC}21,full_otsu_bin_psm3,0.11702127659574468,0.8333333333333334
0032_ImageFile_{280AB8CF-4766-4E21-850C-E8D49A85B9EC}21,full_otsu_bin_psm6,4.414893617021277,12.166666666666666
0032_ImageFile_text_1,crop_none_psm1,0.1276595744680851,1.0
0032_ImageFile_text_1,crop_none_psm3,0.1276595744680851,1.0
0032_ImageFile_text_1,crop_none_psm6,0.09574468085106383,0.8333333333333334
0032_ImageFile_text_1,crop_otsu_bin_psm1,0.09574468085106383,0.75
0032_ImageFile_text_1,crop_otsu_bin_psm3,0.09574468085106383,0.75
0032_ImageFile_text_1,crop_otsu_bin_psm6,0.09574468085106383,0.75
0033_ImageFile_{308E68C7-E352-4129-B3EC-78D3D20F1EA5}12,full_none_psm1,0.2839506172839506,0.75
0033_ImageFile_{308E68C7-E352-4129-B3EC-78D3D20F1EA5}12,full_none_psm3,0.2839506172839506,0.75
0033_ImageFile_{308E68C7-E352-4129-B3EC-78D3D20F1EA5}12,full_none_psm6,10.654320987654321,24.416666666666668
0033_ImageFile_{308E68C7-E352-4129-B3EC-78D3D20F1EA5}12,full_otsu_bin_psm1,0.32098765432098764,0.6666666666666666
0033_ImageFile_{308E68C7-E352-4129-B3EC-78D3D20F1EA5}12,full_otsu_bin_psm3,0.32098765432098764,0.6666666666666666
0033_ImageFile_{308E68C7-E352-4129-B3EC-78D3D20F1EA5}12,full_otsu_bin_psm6,8.975308641975309,19.5
0033_ImageFile_text_1,crop_none_psm1,0.14814814814814814,0.6666666666666666
0033_ImageFile_text_1,crop_none_psm3,0.14814814814814814,0.6666666666666666
0033_ImageFile_text_1,crop_none_psm6,0.13580246913580246,0.6666666666666666
0033_ImageFile_text_1,crop_otsu_bin_psm1,0.16049382716049382,0.6666666666666666
0033_ImageFile_text_1,crop_otsu_bin_psm3,0.16049382716049382,0.6666666666666666
0033_ImageFile_text_1,crop_otsu_bin_psm6,0.16049382716049382,0.6666666666666666
0034_ImageFile_{342E8B28-CA6A-4A38-AC1F-A3FD245DE449}4,full_none_psm1,0.15476190476190477,0.45454545454545453
0034_ImageFile_{342E8B28-CA6A-4A38-AC1F-A3FD245DE449}4,full_none_psm3,0.15476190476190477,0.45454545454545453
0034_ImageFile_{342E8B28-CA6A-4A38-AC1F-A3FD245DE449}4,full_none_psm6,3.2976190476190474,8.090909090909092
0034_ImageFile_{342E8B28-CA6A-4A38-AC1F-A3FD245DE449}4,full_otsu_bin_psm1,0.6904761904761905,0.8181818181818182
0034_ImageFile_{342E8B28-CA6A-4A38-AC1F-A3FD245DE449}4,full_otsu_bin_psm3,0.6904761904761905,0.8181818181818182
0034_ImageFile_{342E8B28-CA6A-4A38-AC1F-A3FD245DE449}4,full_otsu_bin_psm6,19.416666666666668,44.18181818181818
0034_ImageFile_text_1,crop_none_psm1,0.15476190476190477,0.36363636363636365
0034_ImageFile_text_1,crop_none_psm3,0.15476190476190477,0.36363636363636365
0034_ImageFile_text_1,crop_none_psm6,0.17857142857142858,0.36363636363636365
0034_ImageFile_text_1,crop_otsu_bin_psm1,0.13095238095238096,0.36363636363636365
0034_ImageFile_text_1,crop_otsu_bin_psm3,0.13095238095238096,0.36363636363636365
0034_ImageFile_text_1,crop_otsu_bin_psm6,0.13095238095238096,0.36363636363636365
0035_ImageFile_{684FBD74-8BF6-4CFE-9B8F-F393B72188C8}5,full_none_psm1,0.19480519480519481,0.6363636363636364
0035_ImageFile_{684FBD74-8BF6-4CFE-9B8F-F393B72188C8}5,full_none_psm3,0.19480519480519481,0.6363636363636364
0035_ImageFile_{684FBD74-8BF6-4CFE-9B8F-F393B72188C8}5,full_none_psm6,8.272727272727273,19.181818181818183
0035_ImageFile_{684FBD74-8BF6-4CFE-9B8F-F393B72188C8}5,full_otsu_bin_psm1,0.9090909090909091,2.0
0035_ImageFile_{684FBD74-8BF6-4CFE-9B8F-F393B72188C8}5,full_otsu_bin_psm3,0.9090909090909091,2.0
0035_ImageFile_{684FBD74-8BF6-4CFE-9B8F-F393B72188C8}5,full_otsu_bin_psm6,8.077922077922079,19.818181818181817
0035_ImageFile_text_1,crop_none_psm1,0.07792207792207792,0.45454545454545453
0035_ImageFile_text_1,crop_none_psm3,0.07792207792207792,0.45454545454545453
0035_ImageFile_text_1,crop_none_psm6,0.12987012987012986,0.5454545454545454
0035_ImageFile_text_1,crop_otsu_bin_psm1,0.07792207792207792,0.45454545454545453
0035_ImageFile_text_1,crop_otsu_bin_psm3,0.07792207792207792,0.45454545454545453
0035_ImageFile_text_1,crop_otsu_bin_psm6,0.07792207792207792,0.45454545454545453
0036_ImageFile_{684FBD74-8BF6-4CFE-9B8F-F393B72188C8}20,full_none_psm1,0.22826086956521738,0.8666666666666667
0036_ImageFile_{684FBD74-8BF6-4CFE-9B8F-F393B72188C8}20,full_none_psm3,0.22826086956521738,0.8666666666666667
0036_ImageFile_{684FBD74-8BF6-4CFE-9B8F-F393B72188C8}20,full_none_psm6,2.739130434782609,6.266666666666667
0036_ImageFile_{684FBD74-8BF6-4CFE-9B8F-F393B72188C8}20,full_otsu_bin_psm1,0.07608695652173914,0.5333333333333333
0036_ImageFile_{684FBD74-8BF6-4CFE-9B8F-F393B72188C8}20,full_otsu_bin_psm3,0.07608695652173914,0.5333333333333333
0036_ImageFile_{684FBD74-8BF6-4CFE-9B8F-F393B72188C8}20,full_otsu_bin_psm6,8.347826086956522,17.0
0036_ImageFile_text_1,crop_none_psm1,0.11956521739130435,0.6666666666666666
0036_ImageFile_text_1,crop_none_psm3,0.11956521739130435,0.6666666666666666
0036_ImageFile_text_1,crop_none_psm6,0.11956521739130435,0.6
0036_ImageFile_text_1,crop_otsu_bin_psm1,0.07608695652173914,0.5333333333333333
0036_ImageFile_text_1,crop_otsu_bin_psm3,0.07608695652173914,0.5333333333333333
0036_ImageFile_text_1,crop_otsu_bin_psm6,0.07608695652173914,0.5333333333333333
0037_ImageFile_{56463EA0-BFE2-49EE-BBED-D5DCA7A94765}18,full_none_psm1,0.17647058823529413,0.7142857142857143
0037_ImageFile_{56463EA0-BFE2-49EE-BBED-D5DCA7A94765}18,full_none_psm3,0.17647058823529413,0.7142857142857143
0037_ImageFile_{56463EA0-BFE2-49EE-BBED-D5DCA7A94765}18,full_none_psm6,1.0490196078431373,2.642857142857143
0037_ImageFile_{56463EA0-BFE2-49EE-BBED-D5DCA7A94765}18,full_otsu_bin_psm1,0.18627450980392157,0.6428571428571429
0037_ImageFile_{56463EA0-BFE2-49EE-BBED-D5DCA7A94765}18,full_otsu_bin_psm3,1.1372549019607843,3.142857142857143
0037_ImageFile_{56463EA0-BFE2-49EE-BBED-D5DCA7A94765}18,full_otsu_bin_psm6,4.117647058823529,10.571428571428571
0037_ImageFile_text_1,crop_none_psm1,0.08823529411764706,0.5714285714285714
0037_ImageFile_text_1,crop_none_psm3,0.08823529411764706,0.5714285714285714
0037_ImageFile_text_1,crop_none_psm6,0.08823529411764706,0.5714285714285714
0037_ImageFile_text_1,crop_otsu_bin_psm1,0.06862745098039216,0.5714285714285714
0037_ImageFile_text_1,crop_otsu_bin_psm3,0.06862745098039216,0.5714285714285714
0037_ImageFile_text_1,crop_otsu_bin_psm6,0.06862745098039216,0.5714285714285714
0038_ImageFile_{279326F9-D817-4DC6-9D7E-76C6D62DD6DA}4,full_none_psm1,0.19402985074626866,0.8571428571428571
0038_ImageFile_{279326F9-D817-4DC6-9D7E-76C6D62DD6DA}4,full_none_psm3,0.19402985074626866,0.8571428571428571
0038_ImageFile_{279326F9-D817-4DC6-9D7E-76C6D62DD6DA}4,full_none_psm6,12.970149253731343,40.714285714285715
0038_ImageFile_{279326F9-D817-4DC6-9D7E-76C6D62DD6DA}4,full_otsu_bin_psm1,0.13432835820895522,0.5714285714285714
0038_ImageFile_{279326F9-D817-4DC6-9D7E-76C6D62DD6DA}4,full_otsu_bin_psm3,0.13432835820895522,0.5714285714285714
0038_ImageFile_{279326F9-D817-4DC6-9D7E-76C6D62DD6DA}4,full_otsu_bin_psm6,33.208955223880594,97.0
0038_ImageFile_text_1,crop_none_psm1,0.014925373134328358,0.14285714285714285
0038_ImageFile_text_1,crop_none_psm3,0.014925373134328358,0.14285714285714285
0038_ImageFile_text_1,crop_none_psm6,0.014925373134328358,0.14285714285714285
0038_ImageFile_text_1,crop_otsu_bin_psm1,0.029850746268656716,0.2857142857142857
0038_ImageFile_text_1,crop_otsu_bin_psm3,0.029850746268656716,0.2857142857142857
0038_ImageFile_text_1,crop_otsu_bin_psm6,0.029850746268656716,0.2857142857142857
0039_ImageFile_{279326F9-D817-4DC6-9D7E-76C6D62DD6DA}5,full_none_psm1,0.18181818181818182,0.8461538461538461
0039_ImageFile_{279326F9-D817-4DC6-9D7E-76C6D62DD6DA}5,full_none_psm3,0.18181818181818182,0.8461538461538461
0039_ImageFile_{279326F9-D817-4DC6-9D7E-76C6D62DD6DA}5,full_none_psm6,11.333333333333334,28.846153846153847
0039_ImageFile_{279326F9-D817-4DC6-9D7E-76C6D62DD6DA}5,full_otsu_bin_psm1,0.1111111111111111,0.6153846153846154
0039_ImageFile_{279326F9-D817-4DC6-9D7E-76C6D62DD6DA}5,full_otsu_bin_psm3,0.1111111111111111,0.6153846153846154
0039_ImageFile_{279326F9-D817-4DC6-9D7E-76C6D62DD6DA}5,full_otsu_bin_psm6,16.717171717171716,38.46153846153846
0039_ImageFile_text_1,crop_none_psm1,0.06060606060606061,0.6153846153846154
0039_ImageFile_text_1,crop_none_psm3,0.06060606060606061,0.6153846153846154
0039_ImageFile_text_1,crop_none_psm6,0.050505050505050504,0.6153846153846154
0039_ImageFile_text_1,crop_otsu_bin_psm1,0.050505050505050504,0.46153846153846156
0039_ImageFile_text_1,crop_otsu_bin_psm3,0.050505050505050504,0.46153846153846156
0039_ImageFile_text_1,crop_otsu_bin_psm6,0.04040404040404041,0.46153846153846156
0040_ImageFile_{19270373-75C9-4FB6-8E80-35EBBA26513C}25,full_none_psm1,0.30120481927710846,0.9090909090909091
0040_ImageFile_{19270373-75C9-4FB6-8E80-35EBBA26513C}25,full_none_psm3,0.30120481927710846,0.9090909090909091
0040_ImageFile_{19270373-75C9-4FB6-8E80-35EBBA26513C}25,full_none_psm6,8.771084337349398,21.727272727272727
0040_ImageFile_{19270373-75C9-4FB6-8E80-35EBBA26513C}25,full_otsu_bin_psm1,0.20481927710843373,0.8181818181818182
0040_ImageFile_{19270373-75C9-4FB6-8E80-35EBBA26513C}25,full_otsu_bin_psm3,0.20481927710843373,0.8181818181818182
0040_ImageFile_{19270373-75C9-4FB6-8E80-35EBBA26513C}25,full_otsu_bin_psm6,19.14457831325301,43.63636363636363
0040_ImageFile_text_1,crop_none_psm1,0.12048192771084337,0.8181818181818182
0040_ImageFile_text_1,crop_none_psm3,0.12048192771084337,0.8181818181818182
0040_ImageFile_text_1,crop_none_psm6,0.10843373493975904,0.8181818181818182
0040_ImageFile_text_1,crop_otsu_bin_psm1,0.13253012048192772,0.8181818181818182
0040_ImageFile_text_1,crop_otsu_bin_psm3,0.13253012048192772,0.8181818181818182
0040_ImageFile_text_1,crop_otsu_bin_psm6,0.12048192771084337,0.8181818181818182
0041_ImageFile_{A35ED0E9-27B4-46C4-9335-F20068139EC2}15,full_none_psm1,0.20909090909090908,0.5625
0041_ImageFile_{A35ED0E9-27B4-46C4-9335-F20068139EC2}15,full_none_psm3,0.20909090909090908,0.5625
0041_ImageFile_{A35ED0E9-27B4-46C4-9335-F20068139EC2}15,full_none_psm6,3.909090909090909,9.75
0041_ImageFile_{A35ED0E9-27B4-46C4-9335-F20068139EC2}15,full_otsu_bin_psm1,0.2636363636363636,0.625
0041_ImageFile_{A35ED0E9-27B4-46C4-9335-F20068139EC2}15,full_otsu_bin_psm3,0.2636363636363636,0.625
0041_ImageFile_{A35ED0E9-27B4-46C4-9335-F20068139EC2}15,full_otsu_bin_psm6,14.645454545454545,31.5625
0041_ImageFile_text_1,crop_none_psm1,0.37272727272727274,0.75
0041_ImageFile_text_1,crop_none_psm3,0.37272727272727274,0.75
0041_ImageFile_text_1,crop_none_psm6,0.18181818181818182,0.8125
0041_ImageFile_text_1,crop_otsu_bin_psm1,0.36363636363636365,0.625
0041_ImageFile_text_1,crop_otsu_bin_psm3,0.36363636363636365,0.625
0041_ImageFile_text_1,crop_otsu_bin_psm6,0.14545454545454545,0.625
0042_ImageFile_{A319DDE0-1C96-4209-827A-797E9978BDD7}22,full_none_psm1,0.09375,0.45454545454545453
0042_ImageFile_{A319DDE0-1C96-4209-827A-797E9978BDD7}22,full_none_psm3,0.09375,0.45454545454545453
0042_ImageFile_{A319DDE0-1C96-4209-827A-797E9978BDD7}22,full_none_psm6,6.052083333333333,18.454545454545453
0042_ImageFile_{A319DDE0-1C96-4209-827A-797E9978BDD7}22,full_otsu_bin_psm1,0.07291666666666667,0.45454545454545453
0042_ImageFile_{A319DDE0-1C96-4209-827A-797E9978BDD7}22,full_otsu_bin_psm3,0.07291666666666667,0.45454545454545453
0042_ImageFile_{A319DDE0-1C96-4209-827A-797E9978BDD7}22,full_otsu_bin_psm6,12.177083333333334,33.0
0042_ImageFile_text_1,crop_none_psm1,0.13541666666666666,0.6363636363636364
0042_ImageFile_text_1,crop_none_psm3,0.13541666666666666,0.6363636363636364
0042_ImageFile_text_1,crop_none_psm6,0.125,0.5454545454545454
0042_ImageFile_text_1,crop_otsu_bin_psm1,0.0625,0.45454545454545453
0042_ImageFile_text_1,crop_otsu_bin_psm3,0.0625,0.45454545454545453
0042_ImageFile_text_1,crop_otsu_bin_psm6,0.0625,0.45454545454545453
0043_ImageFile_{AF7C1797-5905-4FD2-B0EA-278BF308B40E}5,full_none_psm1,0.1839080459770115,0.6
0043_ImageFile_{AF7C1797-5905-4FD2-B0EA-278BF308B40E}5,full_none_psm3,0.1839080459770115,0.6
0043_ImageFile_{AF7C1797-5905-4FD2-B0EA-278BF308B40E}5,full_none_psm6,4.195402298850575,8.4
0043_ImageFile_{AF7C1797-5905-4FD2-B0EA-278BF308B40E}5,full_otsu_bin_psm1,0.10344827586206896,0.4666666666666667
0043_ImageFile_{AF7C1797-5905-4FD2-B0EA-278BF308B40E}5,full_otsu_bin_psm3,0.10344827586206896,0.4666666666666667
0043_ImageFile_{AF7C1797-5905-4FD2-B0EA-278BF308B40E}5,full_otsu_bin_psm6,11.402298850574713,21.866666666666667
0043_ImageFile_text_1,crop_none_psm1,0.10344827586206896,0.4
0043_ImageFile_text_1,crop_none_psm3,0.10344827586206896,0.4
0043_ImageFile_text_1,crop_none_psm6,0.12643678160919541,0.5333333333333333
0043_ImageFile_text_1,crop_otsu_bin_psm1,0.10344827586206896,0.5333333333333333
0043_ImageFile_text_1,crop_otsu_bin_psm3,0.10344827586206896,0.5333333333333333
0043_ImageFile_text_1,crop_otsu_bin_psm6,0.10344827586206896,0.4666666666666667
0044_ImageFile_{AF7C1797-5905-4FD2-B0EA-278BF308B40E}6,full_none_psm1,0.17857142857142858,0.5714285714285714
0044_ImageFile_{AF7C1797-5905-4FD2-B0EA-278BF308B40E}6,full_none_psm3,0.17857142857142858,0.5714285714285714
0044_ImageFile_{AF7C1797-5905-4FD2-B0EA-278BF308B40E}6,full_none_psm6,2.1785714285714284,4.642857142857143
0044_ImageFile_{AF7C1797-5905-4FD2-B0EA-278BF308B40E}6,full_otsu_bin_psm1,0.13095238095238096,0.5
0044_ImageFile_{AF7C1797-5905-4FD2-B0EA-278BF308B40E}6,full_otsu_bin_psm3,0.13095238095238096,0.5
0044_ImageFile_{AF7C1797-5905-4FD2-B0EA-278BF308B40E}6,full_otsu_bin_psm6,5.464285714285714,11.071428571428571
0044_ImageFile_text_1,crop_none_psm1,0.10714285714285714,0.5714285714285714
0044_ImageFile_text_1,crop_none_psm3,0.10714285714285714,0.5714285714285714
0044_ImageFile_text_1,crop_none_psm6,0.09523809523809523,0.5714285714285714
0044_ImageFile_text_1,crop_otsu_bin_psm1,0.05952380952380952,0.42857142857142855
0044_ImageFile_text_1,crop_otsu_bin_psm3,0.05952380952380952,0.42857142857142855
0044_ImageFile_text_1,crop_otsu_bin_psm6,0.05952380952380952,0.42857142857142855
0045_ImageFile_{AF7C1797-5905-4FD2-B0EA-278BF308B40E}13,full_none_psm1,0.0821917808219178,0.5
0045_ImageFile_{AF7C1797-5905-4FD2-B0EA-278BF308B40E}13,full_none_psm3,0.0821917808219178,0.5
0045_ImageFile_{AF7C1797-5905-4FD2-B0EA-278BF308B40E}13,full_none_psm6,3.684931506849315,11.75
0045_ImageFile_{AF7C1797-5905-4FD2-B0EA-278BF308B40E}13,full_otsu_bin_psm1,0.2054794520547945,0.875
0045_ImageFile_{AF7C1797-5905-4FD2-B0EA-278BF308B40E}13,full_otsu_bin_psm3,0.2054794520547945,0.875
0045_ImageFile_{AF7C1797-5905-4FD2-B0EA-278BF308B40E}13,full_otsu_bin_psm6,5.890410958904109,17.75
0045_ImageFile_text_1,crop_none_psm1,0.0684931506849315,0.5
0045_ImageFile_text_1,crop_none_psm3,0.0684931506849315,0.5
0045_ImageFile_text_1,crop_none_psm6,0.0547945205479452,0.5
0045_ImageFile_text_1,crop_otsu_bin_psm1,0.0958904109589041,0.625
0045_ImageFile_text_1,crop_otsu_bin_psm3,0.0958904109589041,0.625
0045_ImageFile_text_1,crop_otsu_bin_psm6,0.0821917808219178,0.625
0046_ImageFile_{C8C58431-094F-4B7A-A3FF-48F014DE535A}1,full_none_psm1,0.16091954022988506,0.6363636363636364
0046_ImageFile_{C8C58431-094F-4B7A-A3FF-48F014DE535A}1,full_none_psm3,0.16091954022988506,0.6363636363636364
0046_ImageFile_{C8C58431-094F-4B7A-A3FF-48F014DE535A}1,full_none_psm6,6.275862068965517,16.818181818181817
0046_ImageFile_{C8C58431-094F-4B7A-A3FF-48F014DE535A}1,full_otsu_bin_psm1,0.09195402298850575,0.45454545454545453
0046_ImageFile_{C8C58431-094F-4B7A-A3FF-48F014DE535A}1,full_otsu_bin_psm3,0.09195402298850575,0.45454545454545453
0046_ImageFile_{C8C58431-094F-4B7A-A3FF-48F014DE535A}1,full_otsu_bin_psm6,11.551724137931034,30.454545454545453
0046_ImageFile_text_1,crop_none_psm1,0.367816091954023,0.5454545454545454
0046_ImageFile_text_1,crop_none_psm3,0.367816091954023,0.5454545454545454
0046_ImageFile_text_1,crop_none_psm6,0.3563218390804598,0.5454545454545454
0046_ImageFile_text_1,crop_otsu_bin_psm1,0.04597701149425287,0.45454545454545453
0046_ImageFile_text_1,crop_otsu_bin_psm3,0.04597701149425287,0.45454545454545453
0046_ImageFile_text_1,crop_otsu_bin_psm6,0.04597701149425287,0.45454545454545453
0047_ImageFile_{C8C58431-094F-4B7A-A3FF-48F014DE535A}2,full_none_psm1,0.12,0.8181818181818182
0047_ImageFile_{C8C58431-094F-4B7A-A3FF-48F014DE535A}2,full_none_psm3,0.12,0.8181818181818182
0047_ImageFile_{C8C58431-094F-4B7A-A3FF-48F014DE535A}2,full_none_psm6,8.54,25.727272727272727
0047_ImageFile_{C8C58431-094F-4B7A-A3FF-48F014DE535A}2,full_otsu_bin_psm1,0.95,1.0
0047_ImageFile_{C8C58431-094F-4B7A-A3FF-48F014DE535A}2,full_otsu_bin_psm3,0.89,3.272727272727273
0047_ImageFile_{C8C58431-094F-4B7A-A3FF-48F014DE535A}2,full_otsu_bin_psm6,6.36,18.545454545454547
0047_ImageFile_text_1,crop_none_psm1,0.08,0.6363636363636364
0047_ImageFile_text_1,crop_none_psm3,0.08,0.6363636363636364
0047_ImageFile_text_1,crop_none_psm6,0.09,0.6363636363636364
0047_ImageFile_text_1,crop_otsu_bin_psm1,0.1,0.7272727272727273
0047_ImageFile_text_1,crop_otsu_bin_psm3,0.1,0.7272727272727273
0047_ImageFile_text_1,crop_otsu_bin_psm6,0.1,0.7272727272727273
0048_ImageFile_{C39E809A-F56C-4AFE-A643-7610FF61CB37}17,full_none_psm1,2.3191489361702127,10.75
0048_ImageFile_{C39E809A-F56C-4AFE-A643-7610FF61CB37}17,full_none_psm3,2.3191489361702127,10.75
0048_ImageFile_{C39E809A-F56C-4AFE-A643-7610FF61CB37}17,full_none_psm6,3.74468085106383,17.75
0048_ImageFile_{C39E809A-F56C-4AFE-A643-7610FF61CB37}17,full_otsu_bin_psm1,0.9574468085106383,3.5
0048_ImageFile_{C39E809A-F56C-4AFE-A643-7610FF61CB37}17,full_otsu_bin_psm3,0.9574468085106383,3.5
0048_ImageFile_{C39E809A-F56C-4AFE-A643-7610FF61CB37}17,full_otsu_bin_psm6,3.4680851063829787,16.5
0048_ImageFile_text_1,crop_none_psm1,0.06382978723404255,0.25
0048_ImageFile_text_1,crop_none_psm3,0.06382978723404255,0.25
0048_ImageFile_text_1,crop_none_psm6,0.0851063829787234,0.5
0048_ImageFile_text_1,crop_otsu_bin_psm1,0.06382978723404255,0.5
0048_ImageFile_text_1,crop_otsu_bin_psm3,0.06382978723404255,0.5
0048_ImageFile_text_1,crop_otsu_bin_psm6,0.0425531914893617,0.5
0049_ImageFile_{D47E23CC-8306-4120-8B33-ED46EDF12AB4}7,full_none_psm1,0.975609756097561,1.0
0049_ImageFile_{D47E23CC-8306-4120-8B33-ED46EDF12AB4}7,full_none_psm3,0.926829268292683,1.0
0049_ImageFile_{D47E23CC-8306-4120-8B33-ED46EDF12AB4}7,full_none_psm6,11.987804878048781,29.454545454545453
0049_ImageFile_{D47E23CC-8306-4120-8B33-ED46EDF12AB4}7,full_otsu_bin_psm1,0.3780487804878049,1.0
0049_ImageFile_{D47E23CC-8306-4120-8B33-ED46EDF12AB4}7,full_otsu_bin_psm3,0.3780487804878049,1.0
0049_ImageFile_{D47E23CC-8306-4120-8B33-ED46EDF12AB4}7,full_otsu_bin_psm6,33.40243902439025,74.54545454545455
0049_ImageFile_text_1,crop_none_psm1,0.24390243902439024,0.9090909090909091
0049_ImageFile_text_1,crop_none_psm3,0.24390243902439024,0.9090909090909091
0049_ImageFile_text_1,crop_none_psm6,0.32926829268292684,1.0
0049_ImageFile_text_1,crop_otsu_bin_psm1,0.3170731707317073,0.8181818181818182
0049_ImageFile_text_1,crop_otsu_bin_psm3,0.3170731707317073,0.8181818181818182
0049_ImageFile_text_1,crop_otsu_bin_psm6,0.2804878048780488,0.9090909090909091
0050_ImageFile_{D8592643-1658-4215-A7AD-6E576EAF3749}6,full_none_psm1,0.18333333333333332,0.5
0050_ImageFile_{D8592643-1658-4215-A7AD-6E576EAF3749}6,full_none_psm3,0.18333333333333332,0.5
0050_ImageFile_{D8592643-1658-4215-A7AD-6E576EAF3749}6,full_none_psm6,1.95,4.7
0050_ImageFile_{D8592643-1658-4215-A7AD-6E576EAF3749}6,full_otsu_bin_psm1,0.31666666666666665,0.7
0050_ImageFile_{D8592643-1658-4215-A7AD-6E576EAF3749}6,full_otsu_bin_psm3,0.31666666666666665,0.7
0050_ImageFile_{D8592643-1658-4215-A7AD-6E576EAF3749}6,full_otsu_bin_psm6,2.3833333333333333,5.0
0050_ImageFile_text_1,crop_none_psm1,0.16666666666666666,0.5
0050_ImageFile_text_1,crop_none_psm3,0.16666666666666666,0.5
0050_ImageFile_text_1,crop_none_psm6,0.2833333333333333,0.8
0050_ImageFile_text_1,crop_otsu_bin_psm1,0.15,0.7
0050_ImageFile_text_1,crop_otsu_bin_psm3,0.15,0.7
0050_ImageFile_text_1,crop_otsu_bin_psm6,0.13333333333333333,0.5
0051_ImageFile_{D8592643-1658-4215-A7AD-6E576EAF3749}21,full_none_psm1,0.41414141414141414,1.0
0051_ImageFile_{D8592643-1658-4215-A7AD-6E576EAF3749}21,full_none_psm3,0.41414141414141414,1.0
0051_ImageFile_{D8592643-1658-4215-A7AD-6E576EAF3749}21,full_none_psm6,5.08080808080808,11.5
0051_ImageFile_{D8592643-1658-4215-A7AD-6E576EAF3749}21,full_otsu_bin_psm1,0.9292929292929293,1.0
0051_ImageFile_{D8592643-1658-4215-A7AD-6E576EAF3749}21,full_otsu_bin_psm3,0.2828282828282828,0.75
0051_ImageFile_{D8592643-1658-4215-A7AD-6E576EAF3749}21,full_otsu_bin_psm6,3.080808080808081,6.9375
0051_ImageFile_text_1,crop_none_psm1,0.35353535353535354,0.875
0051_ImageFile_text_1,crop_none_psm3,0.35353535353535354,0.875
0051_ImageFile_text_1,crop_none_psm6,0.2828282828282828,0.875
0051_ImageFile_text_1,crop_otsu_bin_psm1,0.18181818181818182,0.5625
0051_ImageFile_text_1,crop_otsu_bin_psm3,0.18181818181818182,0.5625
0051_ImageFile_text_1,crop_otsu_bin_psm6,0.20202020202020202,0.75
0052_ImageFile_{D8592643-1658-4215-A7AD-6E576EAF3749}22,full_none_psm1,1.0289855072463767,1.7777777777777777
0052_ImageFile_{D8592643-1658-4215-A7AD-6E576EAF3749}22,full_none_psm3,1.0289855072463767,2.0
0052_ImageFile_{D8592643-1658-4215-A7AD-6E576EAF3749}22,full_none_psm6,18.028985507246375,43.77777777777778
0052_ImageFile_{D8592643-1658-4215-A7AD-6E576EAF3749}22,full_otsu_bin_psm1,0.927536231884058,1.3333333333333333
0052_ImageFile_{D8592643-1658-4215-A7AD-6E576EAF3749}22,full_otsu_bin_psm3,0.782608695652174,1.5555555555555556
0052_ImageFile_{D8592643-1658-4215-A7AD-6E576EAF3749}22,full_otsu_bin_psm6,26.47826086956522,60.44444444444444
0052_ImageFile_text_1,crop_none_psm1,0.17391304347826086,0.6666666666666666
0052_ImageFile_text_1,crop_none_psm3,0.17391304347826086,0.6666666666666666
0052_ImageFile_text_1,crop_none_psm6,0.2318840579710145,0.7777777777777778
0052_ImageFile_text_1,crop_otsu_bin_psm1,0.5072463768115942,0.7777777777777778
0052_ImageFile_text_1,crop_otsu_bin_psm3,0.5072463768115942,0.7777777777777778
0052_ImageFile_text_1,crop_otsu_bin_psm6,0.4782608695652174,0.7777777777777778
0053_ImageFile_{E9D72FC1-63FB-4EFC-97A9-C16D6BF04412}2,full_none_psm1,0.23595505617977527,0.5833333333333334
0053_ImageFile_{E9D72FC1-63FB-4EFC-97A9-C16D6BF04412}2,full_none_psm3,0.23595505617977527,0.5833333333333334
0053_ImageFile_{E9D72FC1-63FB-4EFC-97A9-C16D6BF04412}2,full_none_psm6,1.5842696629213484,4.166666666666667
0053_ImageFile_{E9D72FC1-63FB-4EFC-97A9-C16D6BF04412}2,full_otsu_bin_psm1,0.12359550561797752,0.5833333333333334
0053_ImageFile_{E9D72FC1-63FB-4EFC-97A9-C16D6BF04412}2,full_otsu_bin_psm3,0.12359550561797752,0.5833333333333334
0053_ImageFile_{E9D72FC1-63FB-4EFC-97A9-C16D6BF04412}2,full_otsu_bin_psm6,7.640449438202247,18.333333333333332
0053_ImageFile_text_1,crop_none_psm1,0.06741573033707865,0.5833333333333334
0053_ImageFile_text_1,crop_none_psm3,0.06741573033707865,0.5833333333333334
0053_ImageFile_text_1,crop_none_psm6,0.056179775280898875,0.5833333333333334
0053_ImageFile_text_1,crop_otsu_bin_psm1,0.06741573033707865,0.5833333333333334
0053_ImageFile_text_1,crop_otsu_bin_psm3,0.06741573033707865,0.5833333333333334
0053_ImageFile_text_1,crop_otsu_bin_psm6,0.056179775280898875,0.5833333333333334
0054_ImageFile_{E27A003C-F540-4A67-8239-69B6D36D9C08}24,full_none_psm1,0.17857142857142858,0.23076923076923078
0054_ImageFile_{E27A003C-F540-4A67-8239-69B6D36D9C08}24,full_none_psm3,0.17857142857142858,0.23076923076923078
0054_ImageFile_{E27A003C-F540-4A67-8239-69B6D36D9C08}24,full_none_psm6,1.8928571428571428,4.615384615384615
0054_ImageFile_{E27A003C-F540-4A67-8239-69B6D36D9C08}24,full_otsu_bin_psm1,0.2619047619047619,0.38461538461538464
0054_ImageFile_{E27A003C-F540-4A67-8239-69B6D36D9C08}24,full_otsu_bin_psm3,0.2619047619047619,0.38461538461538464
0054_ImageFile_{E27A003C-F540-4A67-8239-69B6D36D9C08}24,full_otsu_bin_psm6,6.345238095238095,12.615384615384615
0054_ImageFile_text_1,crop_none_psm1,0.047619047619047616,0.07692307692307693
0054_ImageFile_text_1,crop_none_psm3,0.047619047619047616,0.07692307692307693
0054_ImageFile_text_1,crop_none_psm6,0.047619047619047616,0.15384615384615385
0054_ImageFile_text_1,crop_otsu_bin_psm1,0.07142857142857142,0.3076923076923077
0054_ImageFile_text_1,crop_otsu_bin_psm3,0.07142857142857142,0.3076923076923077
0054_ImageFile_text_1,crop_otsu_bin_psm6,0.05952380952380952,0.38461538461538464
0055_ImageFile_{E53D0567-0095-47C3-A99D-006DA4095AE5}11,full_none_psm1,0.23404255319148937,0.7
0055_ImageFile_{E53D0567-0095-47C3-A99D-006DA4095AE5}11,full_none_psm3,0.23404255319148937,0.7
0055_ImageFile_{E53D0567-0095-47C3-A99D-006DA4095AE5}11,full_none_psm6,3.6914893617021276,11.7
0055_ImageFile_{E53D0567-0095-47C3-A99D-006DA4095AE5}11,full_otsu_bin_psm1,0.24468085106382978,0.7
0055_ImageFile_{E53D0567-0095-47C3-A99D-006DA4095AE5}11,full_otsu_bin_psm3,0.24468085106382978,0.7
0055_ImageFile_{E53D0567-0095-47C3-A99D-006DA4095AE5}11,full_otsu_bin_psm6,7.0212765957446805,21.6
0055_ImageFile_text_1,crop_none_psm1,0.0851063829787234,0.6
0055_ImageFile_text_1,crop_none_psm3,0.0851063829787234,0.6
0055_ImageFile_text_1,crop_none_psm6,0.06382978723404255,0.5
0055_ImageFile_text_1,crop_otsu_bin_psm1,0.0851063829787234,0.6
0055_ImageFile_text_1,crop_otsu_bin_psm3,0.0851063829787234,0.6
0055_ImageFile_text_1,crop_otsu_bin_psm6,0.07446808510638298,0.6
0056_ImageFile_{E83C86EF-A0B2-477A-98AA-43BF86ABFB64}11,full_none_psm1,0.5952380952380952,0.8461538461538461
0056_ImageFile_{E83C86EF-A0B2-477A-98AA-43BF86ABFB64}11,full_none_psm3,0.5952380952380952,0.8461538461538461
0056_ImageFile_{E83C86EF-A0B2-477A-98AA-43BF86ABFB64}11,full_none_psm6,0.7023809523809523,1.9230769230769231
0056_ImageFile_{E83C86EF-A0B2-477A-98AA-43BF86ABFB64}11,full_otsu_bin_psm1,0.13095238095238096,0.38461538461538464
0056_ImageFile_{E83C86EF-A0B2-477A-98AA-43BF86ABFB64}11,full_otsu_bin_psm3,0.13095238095238096,0.38461538461538464
0056_ImageFile_{E83C86EF-A0B2-477A-98AA-43BF86ABFB64}11,full_otsu_bin_psm6,2.2857142857142856,5.846153846153846
0056_ImageFile_text_1,crop_none_psm1,1.0,1.0
0056_ImageFile_text_1,crop_none_psm3,1.0,1.0
0056_ImageFile_text_1,crop_none_psm6,0.38095238095238093,0.8461538461538461
0056_ImageFile_text_1,crop_otsu_bin_psm1,0.13095238095238096,0.5384615384615384
0056_ImageFile_text_1,crop_otsu_bin_psm3,0.13095238095238096,0.5384615384615384
0056_ImageFile_text_1,crop_otsu_bin_psm6,0.14285714285714285,0.5384615384615384
0057_ImageFile_{E59523F9-19E5-42BC-9886-6CDD0AF4DA92}4,full_none_psm1,0.5733333333333334,1.0
0057_ImageFile_{E59523F9-19E5-42BC-9886-6CDD0AF4DA92}4,full_none_psm3,0.5733333333333334,1.0
0057_ImageFile_{E59523F9-19E5-42BC-9886-6CDD0AF4DA92}4,full_none_psm6,10.106666666666667,20.583333333333332
0057_ImageFile_{E59523F9-19E5-42BC-9886-6CDD0AF4DA92}4,full_otsu_bin_psm1,1.0933333333333333,1.8333333333333333
0057_ImageFile_{E59523F9-19E5-42BC-9886-6CDD0AF4DA92}4,full_otsu_bin_psm3,1.6266666666666667,2.8333333333333335
0057_ImageFile_{E59523F9-19E5-42BC-9886-6CDD0AF4DA92}4,full_otsu_bin_psm6,17.293333333333333,34.083333333333336
0057_ImageFile_text_1,crop_none_psm1,0.21333333333333335,0.9166666666666666
0057_ImageFile_text_1,crop_none_psm3,0.21333333333333335,0.9166666666666666
0057_ImageFile_text_1,crop_none_psm6,0.24,0.9166666666666666
0057_ImageFile_text_1,crop_otsu_bin_psm1,0.28,0.9166666666666666
0057_ImageFile_text_1,crop_otsu_bin_psm3,0.28,0.9166666666666666
0057_ImageFile_text_1,crop_otsu_bin_psm6,0.26666666666666666,0.9166666666666666
0058_ImageFile_{F2C96627-5B6B-4241-9E28-F23B76C498B9}5,full_none_psm1,0.0875,0.625
0058_ImageFile_{F2C96627-5B6B-4241-9E28-F23B76C498B9}5,full_none_psm3,0.0875,0.625
0058_ImageFile_{F2C96627-5B6B-4241-9E28-F23B76C498B9}5,full_none_psm6,8.5,28.875
0058_ImageFile_{F2C96627-5B6B-4241-9E28-F23B76C498B9}5,full_otsu_bin_psm1,0.925,1.125
0058_ImageFile_{F2C96627-5B6B-4241-9E28-F23B76C498B9}5,full_otsu_bin_psm3,1.35,4.375
0058_ImageFile_{F2C96627-5B6B-4241-9E28-F23B76C498B9}5,full_otsu_bin_psm6,18.55,58.625
0058_ImageFile_text_1,crop_none_psm1,0.1125,0.875
0058_ImageFile_text_1,crop_none_psm3,0.1125,0.875
0058_ImageFile_text_1,crop_none_psm6,0.0375,0.5
0058_ImageFile_text_1,crop_otsu_bin_psm1,0.0375,0.5
0058_ImageFile_text_1,crop_otsu_bin_psm3,0.0375,0.5
0058_ImageFile_text_1,crop_otsu_bin_psm6,0.0375,0.5
0059_ImageFile_{FB32D013-CDEC-4530-97E8-AE8EED7EFE41}24,full_none_psm1,0.5316455696202531,1.1428571428571428
0059_ImageFile_{FB32D013-CDEC-4530-97E8-AE8EED7EFE41}24,full_none_psm3,0.5316455696202531,1.1428571428571428
0059_ImageFile_{FB32D013-CDEC-4530-97E8-AE8EED7EFE41}24,full_none_psm6,1.3670886075949367,5.142857142857143
0059_ImageFile_{FB32D013-CDEC-4530-97E8-AE8EED7EFE41}24,full_otsu_bin_psm1,0.5316455696202531,1.5714285714285714
0059_ImageFile_{FB32D013-CDEC-4530-97E8-AE8EED7EFE41}24,full_otsu_bin_psm3,0.5316455696202531,1.5714285714285714
0059_ImageFile_{FB32D013-CDEC-4530-97E8-AE8EED7EFE41}24,full_otsu_bin_psm6,3.5443037974683542,13.571428571428571
0059_ImageFile_text_1,crop_none_psm1,0.2911392405063291,0.7142857142857143
0059_ImageFile_text_1,crop_none_psm3,0.2911392405063291,0.7142857142857143
0059_ImageFile_text_1,crop_none_psm6,0.2911392405063291,0.7142857142857143
0059_ImageFile_text_1,crop_otsu_bin_psm1,0.27848101265822783,0.7142857142857143
0059_ImageFile_text_1,crop_otsu_bin_psm3,0.27848101265822783,0.7142857142857143
0059_ImageFile_text_1,crop_otsu_bin_psm6,0.27848101265822783,0.7142857142857143
0060_ImageFile_{FC4AC497-EB48-4BAA-8C34-EE4173C1E790}3,full_none_psm1,0.23170731707317074,0.8333333333333334
0060_ImageFile_{FC4AC497-EB48-4BAA-8C34-EE4173C1E790}3,full_none_psm3,0.23170731707317074,0.8333333333333334
0060_ImageFile_{FC4AC497-EB48-4BAA-8C34-EE4173C1E790}3,full_none_psm6,3.8536585365853657,9.166666666666666
0060_ImageFile_{FC4AC497-EB48-4BAA-8C34-EE4173C1E790}3,full_otsu_bin_psm1,0.23170731707317074,0.8333333333333334
0060_ImageFile_{FC4AC497-EB48-4BAA-8C34-EE4173C1E790}3,full_otsu_bin_psm3,0.23170731707317074,0.8333333333333334
0060_ImageFile_{FC4AC497-EB48-4BAA-8C34-EE4173C1E790}3,full_otsu_bin_psm6,4.182926829268292,9.0
0060_ImageFile_text_1,crop_none_psm1,0.10975609756097561,0.5833333333333334
0060_ImageFile_text_1,crop_none_psm3,0.10975609756097561,0.5833333333333334
0060_ImageFile_text_1,crop_none_psm6,0.10975609756097561,0.5833333333333334
0060_ImageFile_text_1,crop_otsu_bin_psm1,0.0975609756097561,0.5833333333333334
0060_ImageFile_text_1,crop_otsu_bin_psm3,0.0975609756097561,0.5833333333333334
0060_ImageFile_text_1,crop_otsu_bin_psm6,0.0975609756097561,0.5833333333333334
0061_ImageFile_{0BCE22E5-A353-4208-AEC3-3C5295A55EA2}11,full_none_psm1,0.9807692307692307,2.0
0061_ImageFile_{0BCE22E5-A353-4208-AEC3-3C5295A55EA2}11,full_none_psm3,0.9807692307692307,2.0
0061_ImageFile_{0BCE22E5-A353-4208-AEC3-3C5295A55EA2}11,full_none_psm6,1.0384615384615385,2.4545454545454546
0061_ImageFile_{0BCE22E5-A353-4208-AEC3-3C5295A55EA2}11,full_otsu_bin_psm1,1.0,2.4545454545454546
0061_ImageFile_{0BCE22E5-A353-4208-AEC3-3C5295A55EA2}11,full_otsu_bin_psm3,1.0,2.4545454545454546
0061_ImageFile_{0BCE22E5-A353-4208-AEC3-3C5295A55EA2}11,full_otsu_bin_psm6,2.5288461538461537,7.545454545454546
0061_ImageFile_text_merged,crop_none_psm1,0.22115384615384615,0.7272727272727273
0061_ImageFile_text_merged,crop_none_psm3,0.22115384615384615,0.7272727272727273
0061_ImageFile_text_merged,crop_none_psm6,0.2692307692307692,1.1818181818181819
0061_ImageFile_text_merged,crop_otsu_bin_psm1,0.21153846153846154,0.8181818181818182
0061_ImageFile_text_merged,crop_otsu_bin_psm3,0.21153846153846154,0.8181818181818182
0061_ImageFile_text_merged,crop_otsu_bin_psm6,0.19230769230769232,0.8181818181818182
0062_ImageFile_{0C19E755-3B3B-4C8D-BC0E-02E03ADCBA1D}21,full_none_psm1,0.575,2.0
0062_ImageFile_{0C19E755-3B3B-4C8D-BC0E-02E03ADCBA1D}21,full_none_psm3,0.575,2.0
0062_ImageFile_{0C19E755-3B3B-4C8D-BC0E-02E03ADCBA1D}21,full_none_psm6,11.7125,33.111111111111114
0062_ImageFile_{0C19E755-3B3B-4C8D-BC0E-02E03ADCBA1D}21,full_otsu_bin_psm1,0.4875,0.8888888888888888
0062_ImageFile_{0C19E755-3B3B-4C8D-BC0E-02E03ADCBA1D}21,full_otsu_bin_psm3,0.4875,0.8888888888888888
0062_ImageFile_{0C19E755-3B3B-4C8D-BC0E-02E03ADCBA1D}21,full_otsu_bin_psm6,21.475,56.44444444444444
0062_ImageFile_text_1,crop_none_psm1,0.1625,0.6666666666666666
0062_ImageFile_text_1,crop_none_psm3,0.1625,0.6666666666666666
0062_ImageFile_text_1,crop_none_psm6,0.2,0.7777777777777778
0062_ImageFile_text_1,crop_otsu_bin_psm1,0.175,0.7777777777777778
0062_ImageFile_text_1,crop_otsu_bin_psm3,0.175,0.7777777777777778
0062_ImageFile_text_1,crop_otsu_bin_psm6,0.2,0.6666666666666666
0063_ImageFile_{1CA6F88E-71EA-439A-8197-B1C9AE9458B2}3,full_none_psm1,0.7971014492753623,1.125
0063_ImageFile_{1CA6F88E-71EA-439A-8197-B1C9AE9458B2}3,full_none_psm3,0.7971014492753623,1.125
0063_ImageFile_{1CA6F88E-71EA-439A-8197-B1C9AE9458B2}3,full_none_psm6,4.173913043478261,13.125
0063_ImageFile_{1CA6F88E-71EA-439A-8197-B1C9AE9458B2}3,full_otsu_bin_psm1,1.0869565217391304,2.5
0063_ImageFile_{1CA6F88E-71EA-439A-8197-B1C9AE9458B2}3,full_otsu_bin_psm3,1.0869565217391304,2.5
0063_ImageFile_{1CA6F88E-71EA-439A-8197-B1C9AE9458B2}3,full_otsu_bin_psm6,4.217391304347826,13.75
0063_ImageFile_text_1,crop_none_psm1,0.6811594202898551,1.0
0063_ImageFile_text_1,crop_none_psm3,0.6811594202898551,1.0
0063_ImageFile_text_1,crop_none_psm6,0.6811594202898551,1.625
0063_ImageFile_text_1,crop_otsu_bin_psm1,0.6521739130434783,1.75
0063_ImageFile_text_1,crop_otsu_bin_psm3,0.6521739130434783,1.75
0063_ImageFile_text_1,crop_otsu_bin_psm6,0.5507246376811594,1.5
